Workbook

Sheet Sheet1
A1: Emp_ID | B1: First_Name | C1: Last_Name | D1: Gender | E1: Department | F1: Salary | G1: Salary_Bucket | H1: Start_Date | I1: FTE | J1: Employee type | K1: Work_location | L1: Tenure | M1: Work_Type
A2: PR73015 | B2: Minerva | C2: Nelson | D2: Female | E2: Engineering | F2: 76 | G2: 309 | H2: 50k to 100k | I2: 46319 | J2: 0.8 | K2: Permanent | L2: Sydney | M2: Australia | N2: 9.35 | O2: Contract
A3: PR11892 | B3: Ingrid | C3: Brown | D3: Male | E3: Product Management | F3: 74 | G3: 108 | H3: 50k to 100k | I3: 46228 | J3: 0.4 | K3: Permanent | L3: Sydney | M3: Australia | N3: 1.54 | O3: Part time
A4: PR73751 | B4: Manfred | C4: {=_xlfn._xlws.FILTER(Sheet1!A2:O201,Sheet1!B2:B201)} -> #VALUE! | D4: Female | E4: Customer Service | F4: 83 | G4: 238 | H4: 50k to 100k | I4: 46161 | J4: 0.4 | K4: Temporary | L4: Remote | M4: 3.85 | N4: Full time
A5: PR96753 | B5: Anna | C5: Scott | D5: Male | E5: Product Management | F5: 34 | G5: 792 | H5: Under 50k | I5: 46250 | J5: 0.7 | K5: Contract | L5: Chicago | M5: USA | N5: 2.15 | O5: Full time
A6: PR91404 | B6: Michael | C6: Mitchell | D6: Male | E6: Finance | F6: 156 | G6: 732 | H6: Above 100k | I6: 46126 | J6: 0.6 | K6: Permanent | L6: New York | M6: USA | N6: 8.19 | O6: Freelance
A7: PR26442 | B7: Andreas | C7: Smith | D7: Male | E7: IT | F7: 143 | G7: 894 | H7: Above 100k | I7: 46094 | J7: 0.4 | K7: Permanent | L7: Sydney | M7: Australia | N7: 1.11 | O7: Contract
A8: PR42680 | B8: Jill | C8: Adams | D8: Male | E8: Business Development | F8: 54 | G8: 501 | H8: 50k to 100k | I8: 46075 | J8: 0.9 | K8: Contract | L8: Toronto | M8: Canada | N8: 4.46 | O8: Part time
A9: PR37088 | B9: Günter | C9: =VLOOKUP(C6,Sheet1!A2:O201,Sheet1!B2) -> #N/A | D9: Female | E9: Operations | F9: 64 | G9: 899 | H9: 50k to 100k | I9: 46053 | J9: 0.4 | K9: Permanent | L9: Tokyo | M9: Japan | N9: 1.43 | O9: Contract
A10: PR44252 | B10: Robert | C10: King | D10: Female | E10: Finance | F10: 70 | G10: 476 | H10: 50k to 100k | I10: 46383 | J10: 0.6 | K10: Contract | L10: New York | M10: USA | N10: 7.67 | O10: Freelance
A11: PR43906 | B11: Horst | C11: Perez | D11: Female | E11: Marketing | F11: 107 | G11: 996 | H11: Above 100k | I11: 46055 | J11: 0.8 | K11: Contract | L11: Hyderabad | M11: India | N11: 6.43 | O11: Part time
A12: PR40245 | B12: Ursula | C12: Hill | D12: Male | E12: Data Analytics | F12: 136 | G12: 213 | H12: Above 100k | I12: 46332 | J12: 0.7 | K12: Permanent | L12: London | M12: UK | N12: 7.74 | O12: Part time
A13: PR47648 | B13: Brigitte | C13: Turner | D13: Female | E13: Data Analytics | F13: 164 | G13: 32 | H13: Above 100k | I13: 46366 | J13: 0.4 | K13: Temporary | L13: Remote | M13: 5.6 | N13: Part time
A14: PR19000 | B14: Ingrid | C14: Davis | D14: Male | E14: Accounting | F14: 64 | G14: 987 | H14: 50k to 100k | I14: 46070 | J14: 0.4 | K14: Temporary | L14: Singapore | M14: 9.29 | N14: Full time
A15: PR66843 | B15: David | C15: Torres | D15: Female | E15: IT | F15: 73 | G15: 276 | H15: 50k to 100k | I15: 46264 | J15: 0.6 | K15: Contract | L15: Paris | M15: France | N15: 7.77 | O15: Part time
A16: PR71131 | B16: Manfred | C16: Phillips | D16: Female | E16: Sales | F16: 128 | G16: 485 | H16: Above 100k | I16: 46030 | J16: 0.9 | K16: Permanent | L16: London | M16: UK | N16: 0.64 | O16: Freelance
A17: PR16247 | B17: Peter | C17: Burnsyde | D17: Female | E17: Accounting | F17: 64 | G17: 772 | H17: 50k to 100k | I17: 46151 | J17: 0.9 | K17: Contract | L17: Paris | M17: France | N17: 5.26 | O17: Freelance
A18: PR55662 | B18: Dieter | C18: Young | D18: Female | E18: Operations | F18: 119 | G18: 389 | H18: Above 100k | I18: 46108 | J18: 0.6 | K18: Permanent | L18: Remote | M18: 1.32 | N18: Full time
A19: PR25096 | B19: Beryl | C19: Davis | D19: Male | E19: Human Resources | F19: 105 | G19: 544 | H19: Above 100k | I19: 46371 | J19: 0.9 | K19: Permanent | L19: Hyderabad | M19: India | N19: 7.01 | O19: Full time
A20: PR18560 | B20: Petra | C20: Anderson | D20: Female | E20: Legal | F20: 50 | G20: 675 | H20: 50k to 100k | I20: 46141 | J20: 0.9 | K20: Contract | L20: Mumbai | M20: India | N20: 3.38 | O20: Contract
A21: PR56147 | B21: Julia | C21: Fellgate | D21: Male | E21: Training | F21: 179 | G21: 673 | H21: Above 100k | I21: 46054 | J21: 0.4 | K21: Temporary | L21: London | M21: UK | N21: 9.86 | O21: Freelance
A22: PR70854 | B22: Helmut | C22: Garcia | D22: Female | E22: Accounting | F22: 99 | G22: 185 | H22: 50k to 100k | I22: 46061 | J22: 0.3 | K22: Permanent | L22: Remote | M22: 3.26 | N22: Full time
A23: PR14120 | B23: Van | C23: Augar | D23: Male | E23: Engineering | F23: 69 | G23: 361 | H23: 50k to 100k | I23: 46076 | J23: 0.6 | K23: Temporary | L23: Dubai | M23: UAE | N23: 6.48 | O23: Part time
A24: PR32576 | B24: Emma | C24: Moore | D24: Female | E24: Product Management | F24: 118 | G24: 728 | H24: Above 100k | I24: 46049 | J24: 0.6 | K24: Contract | L24: Dubai | M24: UAE | N24: 5.71 | O24: Part time
A25: PR95083 | B25: Monika | C25: Harris | D25: Female | E25: Accounting | F25: 35 | G25: 358 | H25: Under 50k | I25: 46101 | J25: 0.4 | K25: Temporary | L25: New York | M25: USA | N25: 6.37 | O25: Freelance
A26: PR34510 | B26: Sarah | C26: Clark | D26: Male | E26: Product Management | F26: 148 | G26: 806 | H26: Above 100k | I26: 46091 | J26: 0.4 | K26: Contract | L26: Columbus | M26: USA | N26: 2.05 | O26: Full time
A27: PR23233 | B27: Klaus | C27: Burnsyde | D27: Male | E27: Customer Service | F27: 170 | G27: 775 | H27: Above 100k | I27: 46167 | J27: 0.4 | K27: Permanent | L27: Berlin | M27: Germany | N27: 2.97 | O27: Part time
A28: PR63739 | B28: Elfriede | C28: Green | D28: Male | E28: Data Analytics | F28: 104 | G28: 718 | H28: Above 100k | I28: 46108 | J28: 0.4 | K28: Temporary | L28: Toronto | M28: Canada | N28: 8.49 | O28: Part time
A29: PR34176 | B29: Lalitchandra | C29: Lewis | D29: Male | E29: Customer Service | F29: 29 | G29: 517 | H29: Under 50k | I29: 46181 | J29: 0.6 | K29: Permanent | L29: Berlin | M29: Germany | N29: 8.77 | O29: Freelance
A30: PR74817 | B30: Lalitchandra | C30: Davis | D30: Male | E30: Data Analytics | F30: 46 | G30: 64 | H30: Under 50k | I30: 46200 | J30: 0.3 | K30: Permanent | L30: Dubai | M30: UAE | N30: 6.71 | O30: Contract
A31: PR78417 | B31: Erich | C31: Lewis | D31: Female | E31: Research and Development | F31: 155 | G31: 265 | H31: Above 100k | I31: 46090 | J31: 0.6 | K31: Contract | L31: Toronto | M31: Canada | N31: 6.13 | O31: Contract
A32: PR42580 | B32: Dieter | C32: Jones | D32: Female | E32: Product Management | F32: 112 | G32: 393 | H32: Above 100k | I32: 46266 | J32: 0.9 | K32: Contract | L32: Chicago | M32: USA | N32: 2.59 | O32: Full time
A33: PR81010 | B33: Van | C33: Wright | D33: Female | E33: Training | F33: 36 | G33: 809 | H33: Under 50k | I33: 46103 | J33: 0.4 | K33: Permanent | L33: Wellington | M33: New Zealand | N33: 0.87 | O33: Part time
A34: PR61931 | B34: Lothar | C34: Anderson | D34: Male | E34: Marketing | F34: 94 | G34: 379 | H34: 50k to 100k | I34: 46023 | J34: 0.6 | K34: Contract | L34: Sydney | M34: Australia | N34: 4.12 | O34: Contract
... A38: PR48030 | B38: Brigitte | C38: Walker | D38: Male | E38: Research and Development | F38: 35 | G38: 442 | H38: Under 50k | I38: 46223 | J38: 1 | K38: Contract | L38: Dubai | M38: UAE | N38: 9.13 | O38: Contract
A39: PR72197 | B39: Maria | C39: Flores | D39: Male | E39: Human Resources | F39: 130 | G39: 11 | H39: Above 100k | I39: 46355 | J39: 0.4 | K39: Temporary | L39: Remote | M39: 3.8 | N39: Contract
A40: PR47581 | B40: Brigitte | C40: Hall | D40: Male | E40: Engineering | F40: 135 | G40: 959 | H40: Above 100k | I40: 46172 | J40: 0.9 | K40: Permanent | L40: Remote | M40: 5.46 | N40: Part time
A41: PR89785 | B41: Maria | C41: Veeravasarapu | D41: Male | E41: Training | F41: 169 | G41: 133 | H41: Above 100k | I41: 46352 | J41: 0.5 | K41: Permanent | L41: Remote | M41: 6.71 | N41: Contract
A42: PR18247 | B42: James | C42: Ricardot | D42: Female | E42: Data Analytics | F42: 99 | G42: 278 | H42: 50k to 100k | I42: 46126 | J42: 0.7 | K42: Contract | L42: Remote | M42: 7.36 | N42: Full time
A43: PR33378 | B43: Erich | C43: Harris | D43: Female | E43: Legal | F43: 127 | G43: 989 | H43: Above 100k | I43: 46364 | J43: 0.8 | K43: Contract | L43: Toronto | M43: Canada | N43: 3.6 | O43: Freelance
A44: PR96736 | B44: Hildegard | C44: Campbell | D44: Female | E44: Accounting | F44: 138 | G44: 984 | H44: Above 100k | I44: 46122 | J44: 0.9 | K44: Temporary | L44: Mumbai | M44: India | N44: 0.97 | O44: Full time
A45: PR22410 | B45: Laura | C45: Johnson | D45: Male | E45: Product Management | F45: 95 | G45: 139 | H45: 50k to 100k | I45: 46234 | J45: 0.7 | K45: Permanent | L45: Singapore | M45: 4.38 | N45: Full time
A46: PR12393 | B46: Petra | C46: Wright | D46: Male | E46: Accounting | F46: 29 | G46: 967 | H46: Under 50k | I46: 46320 | J46: 0.9 | K46: Permanent | L46: Berlin | M46: Germany | N46: 5.73 | O46: Full time
A47: PR31386 | B47: Thomas | C47: Johnson | D47: Female | E47: Sales | F47: 33 | G47: 841 | H47: Under 50k | I47: 46379 | J47: 0.4 | K47: Permanent | L47: Singapore | M47: 9.93 | N47: Part time
A48: PR70590 | B48: Torrance | C48: Vadali | D48: Male | E48: Customer Service | F48: 147 | G48: 453 | H48: Above 100k | I48: 46093 | J48: 0.5 | K48: Contract | L48: Hyderabad | M48: India | N48: 4.03 | O48: Contract
A49: PR89803 | B49: Beryl | C49: Perez | D49: Male | E49: Operations | F49: 157 | G49: 10 | H49: Above 100k | I49: 46170 | J49: 1 | K49: Contract | L49: Singapore | M49: 7.28 | N49: Full time
A50: PR21693 | B50: Jill | C50: Martinez | D50: Male | E50: Marketing | F50: 105 | G50: 181 | H50: Above 100k | I50: 46206 | J50: 0.8 | K50: Permanent | L50: Sydney | M50: Australia | N50: 5.99 | O50: Contract
A51: PR22638 | B51: Laura | C51: Veeravasarapu | D51: Female | E51: Product Management | F51: 89 | G51: 321 | H51: 50k to 100k | I51: 46116 | J51: 0.4 | K51: Permanent | L51: Sydney | M51: Australia | N51: 9.19 | O51: Freelance
A52: PR41569 | B52: Brigitte | C52: White | D52: Male | E52: Engineering | F52: 177 | G52: 653 | H52: Above 100k | I52: 46147 | J52: 0.5 | K52: Contract | L52: Toronto | M52: Canada | N52: 2.76 | O52: Full time
A53: PR84680 | B53: Robert | C53: Robinson | D53: Male | E53: Human Resources | F53: 125 | G53: 464 | H53: Above 100k | I53: 46374 | J53: 0.9 | K53: Contract | L53: Sydney | M53: Australia | N53: 4.81 | O53: Freelance
A54: PR76507 | B54: Manfred | C54: Martin | D54: Male | E54: Marketing | F54: 82 | G54: 833 | H54: 50k to 100k | I54: 46289 | J54: 0.7 | K54: Permanent | L54: Toronto | M54: Canada | N54: 8.97 | O54: Freelance
A55: PR33397 | B55: Dieter | C55: Walker | D55: Male | E55: Research and Development | F55: 43 | G55: 579 | H55: Under 50k | I55: 46162 | J55: 0.9 | K55: Contract | L55: New York | M55: USA | N55: 0.58 | O55: Contract
A56: PR45681 | B56: Bernd | C56: Ricardot | D56: Male | E56: Legal | F56: 167 | G56: 702 | H56: Above 100k | I56: 46378 | J56: 0.5 | K56: Permanent | L56: Singapore | M56: 2.64 | N56: Part time
A57: PR91811 | B57: Siegfried | C57: Walker | D57: Male | E57: Engineering | F57: 67 | G57: 536 | H57: 50k to 100k | I57: 46317 | J57: 0.6 | K57: Permanent | L57: Wellington | M57: New Zealand | N57: 1.67 | O57: Contract
A58: PR76983 | B58: Inger | C58: Hall | D58: Male | E58: IT | F58: 115 | G58: 18 | H58: Above 100k | I58: 46265 | J58: 0.3 | K58: Contract | L58: Wellington | M58: New Zealand | N58: 3.65 | O58: Part time
A59: PR65183 | B59: Inger | C59: White | D59: Male | E59: Customer Service | F59: 29 | G59: 114 | H59: Under 50k | I59: 46241 | J59: 0.9 | K59: Contract | L59: New York | M59: USA | N59: 8.88 | O59: Freelance
A60: PR11368 | B60: Günter | C60: Campbell | D60: Female | E60: Business Development | F60: 179 | G60: 227 | H60: Above 100k | I60: 46235 | J60: 0.8 | K60: Temporary | L60: London | M60: UK | N60: 4.55 | O60: Contract
A61: PR14854 | B61: Bernd | C61: Taylor | D61: Male | E61: Marketing | F61: 102 | G61: 435 | H61: Above 100k | I61: 46343 | J61: 0.7 | K61: Contract | L61: Dubai | M61: UAE | N61: 9.72 | O61: Contract
A62: PR93397 | B62: Sophie | C62: Campbell | D62: Female | E62: Sales | F62: 77 | G62: 387 | H62: 50k to 100k | I62: 46182 | J62: 0.3 | K62: Temporary | L62: Dubai | M62: UAE | N62: 4.1 | O62: Freelance
A63: PR18326 | B63: Hannelore | C63: Garcia | D63: Male | E63: Product Management | F63: 120 | G63: 109 | H63: Above 100k | I63: 46040 | J63: 0.6 | K63: Contract | L63: London | M63: UK | N63: 1.82 | O63: Full time
A64: PR20460 | B64: Sophie | C64: Brown | D64: Male | E64: Business Development | F64: 42 | G64: 681 | H64: Under 50k | I64: 46292 | J64: 1 | K64: Permanent | L64: Hyderabad | M64: India | N64: 8.64 | O64: Freelance
A65: PR59070 | B65: Ursula | C65: Taylor | D65: Male | E65: Legal | F65: 127 | G65: 981 | H65: Above 100k | I65: 46307 | J65: 0.6 | K65: Contract | L65: London | M65: UK | N65: 6.42 | O65: Contract
A66: PR63237 | B66: Inger | C66: Martin | D66: Female | E66: Business Development | F66: 89 | G66: 413 | H66: 50k to 100k | I66: 46095 | J66: 0.7 | K66: Contract | L66: Paris | M66: France | N66: 3.91 | O66: Part time
A67: PR45497 | B67: Heike | C67: Nelson | D67: Female | E67: Sales | F67: 28 | G67: 69 | H67: Under 50k | I67: 46159 | J67: 0.7 | K67: Contract | L67: Sydney | M67: Australia | N67: 3.75 | O67: Part time
A68: PR43763 | B68: Bernd | C68: Mitchell | D68: Male | E68: Business Development | F68: 149 | G68: 551 | H68: Above 100k | I68: 46200 | J68: 0.8 | K68: Permanent | L68: Remote | M68: 0.79 | N68: Full time
A69: PR72967 | B69: Sarah | C69: Nguyen | D69: Male | E69: Data Analytics | F69: 138 | G69: 605 | H69: Above 100k | I69: 46266 | J69: 0.7 | K69: Permanent | L69: Sydney | M69: Australia | N69: 7.83 | O69: Full time
A70: PR65084 | B70: Gerhard | C70: Augar | D70: Female | E70: Marketing | F70: 172 | G70: 310 | H70: Above 100k | I70: 46314 | J70: 0.4 | K70: Temporary | L70: Dubai | M70: UAE | N70: 4.58 | O70: Full time
A71: PR52944 | B71: Rainer | C71: Veeravasarapu | D71: Male | E71: Sales | F71: 136 | G71: 433 | H71: Above 100k | I71: 46030 | J71: 0.7 | K71: Permanent | L71: Dubai | M71: UAE | N71: 7.71 | O71: Freelance
A72: PR15008 | B72: Markus | C72: Wilson | D72: Female | E72: Human Resources | F72: 96 | G72: 791 | H72: 50k to 100k | I72: 46214 | J72: 0.8 | K72: Permanent | L72: New York | M72: USA | N72: 2.59 | O72: Contract
A73: PR27618 | B73: Manfred | C73: Roberts | D73: Male | E73: Finance | F73: 28 | G73: 982 | H73: Under 50k | I73: 46232 | J73: 0.6 | K73: Contract | L73: Paris | M73: France | N73: 7.77 | O73: Part time
A74: PR95177 | B74: Heike | C74: Davis | D74: Male | E74: Operations | F74: 41 | G74: 204 | H74: Under 50k | I74: 46078 | J74: 0.9 | K74: Temporary | L74: Wellington | M74: New Zealand | N74: 9.81 | O74: Full time
A75: PR38454 | B75: Petra | C75: Johnson | D75: Male | E75: IT | F75: 40 | G75: 498 | H75: Under 50k | I75: 46172 | J75: 0.4 | K75: Contract | L75: Mumbai | M75: India | N75: 5.11 | O75: Full time
A76: PR78020 | B76: Robert | C76: Brown | D76: Male | E76: Sales | F76: 179 | G76: 240 | H76: Above 100k | I76: 46146 | J76: 0.9 | K76: Permanent | L76: Paris | M76: France | N76: 8.48 | O76: Freelance
A77: PR40477 | B77: Nicole | C77: Veeravasarapu | D77: Male | E77: Customer Service | F77: 155 | G77: 582 | H77: Above 100k | I77: 46208 | J77: 0.3 | K77: Permanent | L77: Hyderabad | M77: India | N77: 5.31 | O77: Full time
A78: PR77328 | B78: Markus | C78: Damarsingh | D78: Female | E78: Marketing | F78: 172 | G78: 41 | H78: Above 100k | I78: 46276 | J78: 0.8 | K78: Temporary | L78: Mumbai | M78: India | N78: 5.05 | O78: Contract
A79: PR34262 | B79: Günter | C79: Lewis | D79: Male | E79: Operations | F79: 95 | G79: 221 | H79: 50k to 100k | I79: 46300 | J79: 0.6 | K79: Temporary | L79: New York | M79: USA | N79: 9.87 | O79: Freelance
A80: PR80243 | B80: Husein | C80: Jackson | D80: Male | E80: Training | F80: 95 | G80: 327 | H80: 50k to 100k | I80: 46305 | J80: 0.7 | K80: Temporary | L80: Singapore | M80: 6.15 | N80: Freelance
A81: PR74629 | B81: Hildegard | C81: Carter | D81: Male | E81: Marketing | F81: 79 | G81: 813 | H81: 50k to 100k | I81: 46087 | J81: 0.5 | K81: Temporary | L81: Chicago | M81: USA | N81: 5.41 | O81: Freelance
A82: PR90840 | B82: David | C82: Hall | D82: Male | E82: Data Analytics | F82: 60 | G82: 526 | H82: 50k to 100k | I82: 46355 | J82: 0.8 | K82: Contract | L82: Toronto | M82: Canada | N82: 5.42 | O82: Part time
A83: PR98182 | B83: Günter | C83: Carter | D83: Male | E83: IT | F83: 111 | G83: 817 | H83: Above 100k | I83: 46050 | J83: 0.5 | K83: Permanent | L83: Columbus | M83: USA | N83: 4.13 | O83: Contract
A84: PR91157 | B84: Inger | C84: Lewis | D84: Female | E84: IT | F84: 156 | G84: 363 | H84: Above 100k | I84: 46335 | J84: 0.5 | K84: Temporary | L84: Tokyo | M84: Japan | N84: 3.78 | O84: Part time
A85: PR69530 | B85: Konrad | C85: Jackson | D85: Male | E85: Finance | F85: 170 | G85: 721 | H85: Above 100k | I85: 46050 | J85: 0.8 | K85: Permanent | L85: Toronto | M85: Canada | N85: 3.75 | O85: Freelance
A86: PR82142 | B86: Thomas | C86: Chapelbow | D86: Male | E86: Customer Service | F86: 121 | G86: 948 | H86: Above 100k | I86: 46306 | J86: 0.5 | K86: Permanent | L86: Remote | M86: 9.49 | N86: Freelance
A87: PR63635 | B87: Günter | C87: Young | D87: Male | E87: Research and Development | F87: 155 | G87: 426 | H87: Above 100k | I87: 46183 | J87: 0.5 | K87: Temporary | L87: Remote | M87: 3.24 | N87: Contract
A88: PR47016 | B88: Beryl | C88: Collier | D88: Female | E88: Data Analytics | F88: 155 | G88: 312 | H88: Above 100k | I88: 46068 | J88: 0.4 | K88: Contract | L88: Berlin | M88: Germany | N88: 9.95 | O88: Full time
A89: PR93463 | B89: Hildegard | C89: Shipsey | D89: Female | E89: Finance | F89: 142 | G89: 556 | H89: Above 100k | I89: 46166 | J89: 0.5 | K89: Permanent | L89: Chicago | M89: USA | N89: 6.66 | O89: Freelance
A90: PR98095 | B90: Vasavi | C90: Walker | D90: Female | E90: Human Resources | F90: 111 | G90: 273 | H90: Above 100k | I90: 46251 | J90: 0.4 | K90: Temporary | L90: Chicago | M90: USA | N90: 2.4 | O90: Contract
A91: PR61061 | B91: Petra | C91: Torres | D91: Female | E91: Engineering | F91: 136 | G91: 196 | H91: Above 100k | I91: 46288 | J91: 0.8 | K91: Permanent | L91: Tokyo | M91: Japan | N91: 7.36 | O91: Full time
A92: PR78766 | B92: Thomas | C92: Young | D92: Female | E92: Finance | F92: 41 | G92: 994 | H92: Under 50k | I92: 46320 | J92: 0.8 | K92: Contract | L92: New York | M92: USA | N92: 3.7 | O92: Part time
A93: PR91052 | B93: Gerhard | C93: Flores | D93: Male | E93: Customer Service | F93: 121 | G93: 556 | H93: Above 100k | I93: 46160 | J93: 0.8 | K93: Permanent | L93: Tokyo | M93: Japan | N93: 6.99 | O93: Part time
A94: PR35851 | B94: Siegfried | C94: Wilson | D94: Female | E94: Research and Development | F94: 132 | G94: 608 | H94: Above 100k | I94: 46374 | J94: 0.7 | K94: Temporary | L94: London | M94: UK | N94: 4.26 | O94: Part time
A95: PR53386 | B95: Sarah | C95: Iles | D95: Female | E95: Customer Service | F95: 48 | G95: 203 | H95: Under 50k | I95: 46163 | J95: 0.6 | K95: Contract | L95: Hyderabad | M95: India | N95: 4.42 | O95: Freelance
A96: PR80636 | B96: Michael | C96: Parker | D96: Female | E96: Marketing | F96: 44 | G96: 295 | H96: Under 50k | I96: 46363 | J96: 0.6 | K96: Temporary | L96: Berlin | M96: Germany | N96: 4.85 | O96: Full time
A97: PR82422 | B97: Ingrid | C97: Shipsey | D97: Male | E97: Research and Development | F97: 151 | G97: 394 | H97: Above 100k | I97: 46069 | J97: 0.4 | K97: Permanent | L97: Tokyo | M97: Japan | N97: 1.44 | O97: Freelance
A98: PR43198 | B98: Laura | C98: Campbell | D98: Female | E98: Accounting | F98: 63 | G98: 301 | H98: 50k to 100k | I98: 46179 | J98: 0.3 | K98: Permanent | L98: Columbus | M98: USA | N98: 5.94 | O98: Part time
A99: PR70509 | B99: Hogan | C99: Perez | D99: Male | E99: Accounting | F99: 111 | G99: 191 | H99: Above 100k | I99: 46200 | J99: 0.9 | K99: Temporary | L99: Chicago | M99: USA | N99: 9.62 | O99: Full time
... A118: PR55285 | B118: Anna | C118: Perez | D118: Female | E118: Training | F118: 108 | G118: 512 | H118: Above 100k | I118: 46176 | J118: 0.6 | K118: Temporary | L118: London | M118: UK | N118: 9.43 | O118: Freelance
A119: PR39332 | B119: Helmut | C119: Clark | D119: Female | E119: Business Development | F119: 133 | G119: 980 | H119: Above 100k | I119: 46304 | J119: 1 | K119: Permanent | L119: Singapore | M119: 6.6 | N119: Freelance
A120: PR58456 | B120: Petra | C120: Thompson | D120: Male | E120: Finance | F120: 46 | G120: 460 | H120: Under 50k | I120: 46282 | J120: 0.7 | K120: Contract | L120: Berlin | M120: Germany | N120: 3.05 | O120: Contract
A121: PR57546 | B121: Devrat | C121: Thomas | D121: Female | E121: Training | F121: 178 | G121: 35 | H121: Above 100k | I121: 46373 | J121: 0.4 | K121: Contract | L121: Berlin | M121: Germany | N121: 1.47 | O121: Contract
...

Sheet Average
D3: Department | E3: Head Count | F3: Total Salary | G3: Avg. Salary | H3: 10% Increase
D4: Engineering | E4: =COUNTIFS(Sheet1!E2:E201,Average!D4) -> 15 | F4: =SUMIFS(Sheet1!F2:F201,Sheet1!E2:E201,Average!D4) -> 1490 | G4: =AVERAGEIFS(Sheet1!F2:F201,Sheet1!E2:E201,Average!D4) -> 99.333333 | H4: =F4*1.1 -> 1639
D5: Product Management | E5: =COUNTIFS(Sheet1!E3:E202,Average!D5) -> 11 | F5: =SUMIFS(Sheet1!F3:F202,Sheet1!E3:E202,Average!D5) -> 1206 | G5: =AVERAGEIFS(Sheet1!F3:F202,Sheet1!E3:E202,Average!D5) -> 109.63636 | H5: =F5*110/100 -> 1326.6
D6: Customer Service | E6: =COUNTIFS(Sheet1!E4:E203,Average!D6) -> 15 | F6: =SUMIFS(Sheet1!F4:F203,Sheet1!E4:E203,Average!D6) -> 1609 | G6: =AVERAGEIFS(Sheet1!F4:F203,Sheet1!E4:E203,Average!D6) -> 107.26667 | H6: =F6*110/100 -> 1769.9
D7: Finance | E7: =COUNTIFS(Sheet1!E5:E204,Average!D7) -> 13 | F7: =SUMIFS(Sheet1!F5:F204,Sheet1!E5:E204,Average!D7) -> 1166 | G7: =AVERAGEIFS(Sheet1!F5:F204,Sheet1!E5:E204,Average!D7) -> 89.692308 | H7: =F7*110/100 -> 1282.6
D8: IT | E8: =COUNTIFS(Sheet1!E6:E205,Average!D8) -> 11 | F8: =SUMIFS(Sheet1!F6:F205,Sheet1!E6:E205,Average!D8) -> 1223 | G8: =AVERAGEIFS(Sheet1!F6:F205,Sheet1!E6:E205,Average!D8) -> 111.18182 | H8: =F8*110/100 -> 1345.3
D9: Business Development | E9: =COUNTIFS(Sheet1!E7:E206,Average!D9) -> 10 | F9: =SUMIFS(Sheet1!F7:F206,Sheet1!E7:E206,Average!D9) -> 1106 | G9: =AVERAGEIFS(Sheet1!F7:F206,Sheet1!E7:E206,Average!D9) -> 110.6 | H9: =F9*110/100 -> 1216.6
D10: Operations | E10: =COUNTIFS(Sheet1!E8:E207,Average!D10) -> 13 | F10: =SUMIFS(Sheet1!F8:F207,Sheet1!E8:E207,Average!D10) -> 1275 | G10: =AVERAGEIFS(Sheet1!F8:F207,Sheet1!E8:E207,Average!D10) -> 98.076923 | H10: =F10*110/100 -> 1402.5
D11: Marketing | E11: =COUNTIFS(Sheet1!E9:E208,Average!D11) -> 14 | F11: =SUMIFS(Sheet1!F9:F208,Sheet1!E9:E208,Average!D11) -> 1386 | G11: =AVERAGEIFS(Sheet1!F9:F208,Sheet1!E9:E208,Average!D11) -> 99 | H11: =F11*110/100 -> 1524.6
D12: Data Analytics | E12: =COUNTIFS(Sheet1!E10:E209,Average!D12) -> 14 | F12: =SUMIFS(Sheet1!F10:F209,Sheet1!E10:E209,Average!D12) -> 1484 | G12: =AVERAGEIFS(Sheet1!F10:F209,Sheet1!E10:E209,Average!D12) -> 106 | H12: =F12*110/100 -> 1632.4
D13: Accounting | E13: =COUNTIFS(Sheet1!E11:E210,Average!D13) -> 19 | F13: =SUMIFS(Sheet1!F11:F210,Sheet1!E11:E210,Average!D13) -> 1684 | G13: =AVERAGEIFS(Sheet1!F11:F210,Sheet1!E11:E210,Average!D13) -> 88.631579 | H13: =F13*110/100 -> 1852.4
D14: Sales | E14: =COUNTIFS(Sheet1!E12:E211,Average!D14) -> 17 | F14: =SUMIFS(Sheet1!F12:F211,Sheet1!E12:E211,Average!D14) -> 1779 | G14: =AVERAGEIFS(Sheet1!F12:F211,Sheet1!E12:E211,Average!D14) -> 104.64706 | H14: =F14*110/100 -> 1956.9
D15: Human Resources | E15: =COUNTIFS(Sheet1!E13:E212,Average!D15) -> 11 | F15: =SUMIFS(Sheet1!F13:F212,Sheet1!E13:E212,Average!D15) -> 1307 | G15: =AVERAGEIFS(Sheet1!F13:F212,Sheet1!E13:E212,Average!D15) -> 118.81818 | H15: =F15*110/100 -> 1437.7
D16: Legal | E16: =COUNTIFS(Sheet1!E14:E213,Average!D16) -> 10 | F16: =SUMIFS(Sheet1!F14:F213,Sheet1!E14:E213,Average!D16) -> 1073 | G16: =AVERAGEIFS(Sheet1!F14:F213,Sheet1!E14:E213,Average!D16) -> 107.3 | H16: =F16*110/100 -> 1180.3
... D18: Research and Development | E18: =COUNTIFS(Sheet1!E16:E215,Average!D18) -> 15 | F18: =SUMIFS(Sheet1!F16:F215,Sheet1!E16:E215,Average!D18) -> 1520 | G18: =AVERAGEIFS(Sheet1!F16:F215,Sheet1!E16:E215,Average!D18) -> 101.33333 | H18: =F18*110/100 -> 1672
K21: Robin

Sheet Filter
D1: Avobe 100 Salary
D3: {=Sheet1!A1:N1} -> Emp_ID | E3: First_Name | F3: Last_Name | G3: Gender | H3: Department | I3: Salary | J3: Salary_Bucket | K3: Start_Date | L3: FTE | M3: Employee type | N3: Work_location | O3: Tenure | P3: Work_Type | Q3: 0
D4: {=_xlfn._xlws.FILTER(Sheet1!A2:O201,Sheet1!F2:F201>100)} -> PR91404 | E4: Michael | F4: Mitchell | G4: Male | H4: Finance | I4: 156 | J4: 732 | K4: Above 100k | L4: 46126 | M4: 0.6 | N4: Permanent | O4: New York | P4: USA | Q4: 8.19 | R4: Freelance
D5: PR26442 | E5: Andreas | F5: Smith | G5: Male | H5: IT | I5: 143 | J5: 894 | K5: Above 100k | L5: 46094 | M5: 0.4 | N5: Permanent | O5: Sydney | P5: Australia | Q5: 1.11 | R5: Contract
D6: PR43906 | E6: Horst | F6: Perez | G6: Female | H6: Marketing | I6: 107 | J6: 996 | K6: Above 100k | L6: 46055 | M6: 0.8 | N6: Contract | O6: Hyderabad | P6: India | Q6: 6.43 | R6: Part time
D7: PR40245 | E7: Ursula | F7: Hill | G7: Male | H7: Data Analytics | I7: 136 | J7: 213 | K7: Above 100k | L7: 46332 | M7: 0.7 | N7: Permanent | O7: London | P7: UK | Q7: 7.74 | R7: Part time
D8: PR47648 | E8: Brigitte | F8: Turner | G8: Female | H8: Data Analytics | I8: 164 | J8: 32 | K8: Above 100k | L8: 46366 | M8: 0.4 | N8: Temporary | O8: Remote | P8: 5.6 | Q8: Part time | R8: 0
D9: PR71131 | E9: Manfred | F9: Phillips | G9: Female | H9: Sales | I9: 128 | J9: 485 | K9: Above 100k | L9: 46030 | M9: 0.9 | N9: Permanent | O9: London | P9: UK | Q9: 0.64 | R9: Freelance
D10: PR55662 | E10: Dieter | F10: Young | G10: Female | H10: Operations | I10: 119 | J10: 389 | K10: Above 100k | L10: 46108 | M10: 0.6 | N10: Permanent | O10: Remote | P10: 1.32 | Q10: Full time | R10: 0
D11: PR25096 | E11: Beryl | F11: Davis | G11: Male | H11: Human Resources | I11: 105 | J11: 544 | K11: Above 100k | L11: 46371 | M11: 0.9 | N11: Permanent | O11: Hyderabad | P11: India | Q11: 7.01 | R11: Full time
D12: PR56147 | E12: Julia | F12: Fellgate | G12: Male | H12: Training | I12: 179 | J12: 673 | K12: Above 100k | L12: 46054 | M12: 0.4 | N12: Temporary | O12: London | P12: UK | Q12: 9.86 | R12: Freelance
D13: PR32576 | E13: Emma | F13: Moore | G13: Female | H13: Product Management | I13: 118 | J13: 728 | K13: Above 100k | L13: 46049 | M13: 0.6 | N13: Contract | O13: Dubai | P13: UAE | Q13: 5.71 | R13: Part time
D14: PR34510 | E14: Sarah | F14: Clark | G14: Male | H14: Product Management | I14: 148 | J14: 806 | K14: Above 100k | L14: 46091 | M14: 0.4 | N14: Contract | O14: Columbus | P14: USA | Q14: 2.05 | R14: Full time
D15: PR23233 | E15: Klaus | F15: Burnsyde | G15: Male | H15: Customer Service | I15: 170 | J15: 775 | K15: Above 100k | L15: 46167 | M15: 0.4 | N15: Permanent | O15: Berlin | P15: Germany | Q15: 2.97 | R15: Part time
D16: PR63739 | E16: Elfriede | F16: Green | G16: Male | H16: Data Analytics | I16: 104 | J16: 718 | K16: Above 100k | L16: 46108 | M16: 0.4 | N16: Temporary | O16: Toronto | P16: Canada | Q16: 8.49 | R16: Part time
D17: PR78417 | E17: Erich | F17: Lewis | G17: Female | H17: Research and Development | I17: 155 | J17: 265 | K17: Above 100k | L17: 46090 | M17: 0.6 | N17: Contract | O17: Toronto | P17: Canada | Q17: 6.13 | R17: Contract
D18: PR42580 | E18: Dieter | F18: Jones | G18: Female | H18: Product Management | I18: 112 | J18: 393 | K18: Above 100k | L18: 46266 | M18: 0.9 | N18: Contract | O18: Chicago | P18: USA | Q18: 2.59 | R18: Full time
D19: PR77997 | E19: Hans | F19: Lewis | G19: Male | H19: Marketing | I19: 146 | J19: 200 | K19: Above 100k | L19: 46234 | M19: 0.4 | N19: Contract | O19: Toronto | P19: Canada | Q19: 3.8 | R19: Part time
D20: PR72197 | E20: Maria | F20: Flores | G20: Male | H20: Human Resources | I20: 130 | J20: 11 | K20: Above 100k | L20: 46355 | M20: 0.4 | N20: Temporary | O20: Remote | P20: 3.8 | Q20: Contract | R20: 0
D21: PR47581 | E21: Brigitte | F21: Hall | G21: Male | H21: Engineering | I21: 135 | J21: 959 | K21: Above 100k | L21: 46172 | M21: 0.9 | N21: Permanent | O21: Remote | P21: 5.46 | Q21: Part time | R21: 0
D22: PR89785 | E22: Maria | F22: Veeravasarapu | G22: Male | H22: Training | I22: 169 | J22: 133 | K22: Above 100k | L22: 46352 | M22: 0.5 | N22: Permanent | O22: Remote | P22: 6.71 | Q22: Contract | R22: 0
D23: PR33378 | E23: Erich | F23: Harris | G23: Female | H23: Legal | I23: 127 | J23: 989 | K23: Above 100k | L23: 46364 | M23: 0.8 | N23: Contract | O23: Toronto | P23: Canada | Q23: 3.6 | R23: Freelance
D24: PR96736 | E24: Hildegard | F24: Campbell | G24: Female | H24: Accounting | I24: 138 | J24: 984 | K24: Above 100k | L24: 46122 | M24: 0.9 | N24: Temporary | O24: Mumbai | P24: India | Q24: 0.97 | R24: Full time
D25: PR70590 | E25: Torrance | F25: Vadali | G25: Male | H25: Customer Service | I25: 147 | J25: 453 | K25: Above 100k | L25: 46093 | M25: 0.5 | N25: Contract | O25: Hyderabad | P25: India | Q25: 4.03 | R25: Contract
D26: PR89803 | E26: Beryl | F26: Perez | G26: Male | H26: Operations | I26: 157 | J26: 10 | K26: Above 100k | L26: 46170 | M26: 1 | N26: Contract | O26: Singapore | P26: 7.28 | Q26: Full time | R26: 0
D27: PR21693 | E27: Jill | F27: Martinez | G27: Male | H27: Marketing | I27: 105 | J27: 181 | K27: Above 100k | L27: 46206 | M27: 0.8 | N27: Permanent | O27: Sydney | P27: Australia | Q27: 5.99 | R27: Contract
D28: PR41569 | E28: Brigitte | F28: White | G28: Male | H28: Engineering | I28: 177 | J28: 653 | K28: Above 100k | L28: 46147 | M28: 0.5 | N28: Contract | O28: Toronto | P28: Canada | Q28: 2.76 | R28: Full time
D29: PR84680 | E29: Robert | F29: Robinson | G29: Male | H29: Human Resources | I29: 125 | J29: 464 | K29: Above 100k | L29: 46374 | M29: 0.9 | N29: Contract | O29: Sydney | P29: Australia | Q29: 4.81 | R29: Freelance
D30: PR45681 | E30: Bernd | F30: Ricardot | G30: Male | H30: Legal | I30: 167 | J30: 702 | K30: Above 100k | L30: 46378 | M30: 0.5 | N30: Permanent | O30: Singapore | P30: 2.64 | Q30: Part time | R30: 0
D31: PR76983 | E31: Inger | F31: Hall | G31: Male | H31: IT | I31: 115 | J31: 18 | K31: Above 100k | L31: 46265 | M31: 0.3 | N31: Contract | O31: Wellington | P31: New Zealand | Q31: 3.65 | R31: Part time
D32: PR11368 | E32: Günter | F32: Campbell | G32: Female | H32: Business Development | I32: 179 | J32: 227 | K32: Above 100k | L32: 46235 | M32: 0.8 | N32: Temporary | O32: London | P32: UK | Q32: 4.55 | R32: Contract
D33: PR14854 | E33: Bernd | F33: Taylor | G33: Male | H33: Marketing | I33: 102 | J33: 435 | K33: Above 100k | L33: 46343 | M33: 0.7 | N33: Contract | O33: Dubai | P33: UAE | Q33: 9.72 | R33: Contract
D34: PR18326 | E34: Hannelore | F34: Garcia | G34: Male | H34: Product Management | I34: 120 | J34: 109 | K34: Above 100k | L34: 46040 | M34: 0.6 | N34: Contract | O34: London | P34: UK | Q34: 1.82 | R34: Full time
D35: PR59070 | E35: Ursula | F35: Taylor | G35: Male | H35: Legal | I35: 127 | J35: 981 | K35: Above 100k | L35: 46307 | M35: 0.6 | N35: Contract | O35: London | P35: UK | Q35: 6.42 | R35: Contract
D36: PR43763 | E36: Bernd | F36: Mitchell | G36: Male | H36: Business Development | I36: 149 | J36: 551 | K36: Above 100k | L36: 46200 | M36: 0.8 | N36: Permanent | O36: Remote | P36: 0.79 | Q36: Full time | R36: 0
D37: PR72967 | E37: Sarah | F37: Nguyen | G37: Male | H37: Data Analytics | I37: 138 | J37: 605 | K37: Above 100k | L37: 46266 | M37: 0.7 | N37: Permanent | O37: Sydney | P37: Australia | Q37: 7.83 | R37: Full time
D38: PR65084 | E38: Gerhard | F38: Augar | G38: Female | H38: Marketing | I38: 172 | J38: 310 | K38: Above 100k | L38: 46314 | M38: 0.4 | N38: Temporary | O38: Dubai | P38: UAE | Q38: 4.58 | R38: Full time
D39: PR52944 | E39: Rainer | F39: Veeravasarapu | G39: Male | H39: Sales | I39: 136 | J39: 433 | K39: Above 100k | L39: 46030 | M39: 0.7 | N39: Permanent | O39: Dubai | P39: UAE | Q39: 7.71 | R39: Freelance
D40: PR78020 | E40: Robert | F40: Brown | G40: Male | H40: Sales | I40: 179 | J40: 240 | K40: Above 100k | L40: 46146 | M40: 0.9 | N40: Permanent | O40: Paris | P40: France | Q40: 8.48 | R40: Freelance
D41: PR40477 | E41: Nicole | F41: Veeravasarapu | G41: Male | H41: Customer Service | I41: 155 | J41: 582 | K41: Above 100k | L41: 46208 | M41: 0.3 | N41: Permanent | O41: Hyderabad | P41: India | Q41: 5.31 | R41: Full time
D42: PR77328 | E42: Markus | F42: Damarsingh | G42: Female | H42: Marketing | I42: 172 | J42: 41 | K42: Above 100k | L42: 46276 | M42: 0.8 | N42: Temporary | O42: Mumbai | P42: India | Q42: 5.05 | R42: Contract
D43: PR98182 | E43: Günter | F43: Carter | G43: Male | H43: IT | I43: 111 | J43: 817 | K43: Above 100k | L43: 46050 | M43: 0.5 | N43: Permanent | O43: Columbus | P43: USA | Q43: 4.13 | R43: Contract
D44: PR91157 | E44: Inger | F44: Lewis | G44: Female | H44: IT | I44: 156 | J44: 363 | K44: Above 100k | L44: 46335 | M44: 0.5 | N44: Temporary | O44: Tokyo | P44: Japan | Q44: 3.78 | R44: Part time
D45: PR69530 | E45: Konrad | F45: Jackson | G45: Male | H45: Finance | I45: 170 | J45: 721 | K45: Above 100k | L45: 46050 | M45: 0.8 | N45: Permanent | O45: Toronto | P45: Canada | Q45: 3.75 | R45: Freelance
D46: PR82142 | E46: Thomas | F46: Chapelbow | G46: Male | H46: Customer Service | I46: 121 | J46: 948 | K46: Above 100k | L46: 46306 | M46: 0.5 | N46: Permanent | O46: Remote | P46: 9.49 | Q46: Freelance | R46: 0
D47: PR63635 | E47: Günter | F47: Young | G47: Male | H47: Research and Development | I47: 155 | J47: 426 | K47: Above 100k | L47: 46183 | M47: 0.5 | N47: Temporary | O47: Remote | P47: 3.24 | Q47: Contract | R47: 0
D48: PR47016 | E48: Beryl | F48: Collier | G48: Female | H48: Data Analytics | I48: 155 | J48: 312 | K48: Above 100k | L48: 46068 | M48: 0.4 | N48: Contract | O48: Berlin | P48: Germany | Q48: 9.95 | R48: Full time
D49: PR93463 | E49: Hildegard | F49: Shipsey | G49: Female | H49: Finance | I49: 142 | J49: 556 | K49: Above 100k | L49: 46166 | M49: 0.5 | N49: Permanent | O49: Chicago | P49: USA | Q49: 6.66 | R49: Freelance
D50: PR98095 | E50: Vasavi | F50: Walker | G50: Female | H50: Human Resources | I50: 111 | J50: 273 | K50: Above 100k | L50: 46251 | M50: 0.4 | N50: Temporary | O50: Chicago | P50: USA | Q50: 2.4 | R50: Contract
D51: PR61061 | E51: Petra | F51: Torres | G51: Female | H51: Engineering | I51: 136 | J51: 196 | K51: Above 100k | L51: 46288 | M51: 0.8 | N51: Permanent | O51: Tokyo | P51: Japan | Q51: 7.36 | R51: Full time
D52: PR91052 | E52: Gerhard | F52: Flores | G52: Male | H52: Customer Service | I52: 121 | J52: 556 | K52: Above 100k | L52: 46160 | M52: 0.8 | N52: Permanent | O52: Tokyo | P52: Japan | Q52: 6.99 | R52: Part time
D53: PR35851 | E53: Siegfried | F53: Wilson | G53: Female | H53: Research and Development | I53: 132 | J53: 608 | K53: Above 100k | L53: 46374 | M53: 0.7 | N53: Temporary | O53: London | P53: UK | Q53: 4.26 | R53: Part time
D54: PR82422 | E54: Ingrid | F54: Shipsey | G54: Male | H54: Research and Development | I54: 151 | J54: 394 | K54: Above 100k | L54: 46069 | M54: 0.4 | N54: Permanent | O54: Tokyo | P54: Japan | Q54: 1.44 | R54: Freelance
D55: PR70509 | E55: Hogan | F55: Perez | G55: Male | H55: Accounting | I55: 111 | J55: 191 | K55: Above 100k | L55: 46200 | M55: 0.9 | N55: Temporary | O55: Chicago | P55: USA | Q55: 9.62 | R55: Full time
D56: PR26226 | E56: Günter | F56: Chapelbow | G56: Female | H56: IT | I56: 153 | J56: 865 | K56: Above 100k | L56: 46084 | M56: 0.4 | N56: Contract | O56: Mumbai | P56: India | Q56: 5.44 | R56: Contract
D57: PR13247 | E57: Dieter | F57: Torres | G57: Female | H57: Engineering | I57: 119 | J57: 700 | K57: Above 100k | L57: 46105 | M57: 0.4 | N57: Permanent | O57: Paris | P57: France | Q57: 3.98 | R57: Full time
D58: PR44590 | E58: Ingrid | F58: Green | G58: Female | H58: Legal | I58: 176 | J58: 441 | K58: Above 100k | L58: 46332 | M58: 0.5 | N58: Contract | O58: Chicago | P58: USA | Q58: 8.72 | R58: Freelance
D59: PR11905 | E59: Husein | F59: Walker | G59: Male | H59: Engineering | I59: 146 | J59: 410 | K59: Above 100k | L59: 46377 | M59: 0.8 | N59: Temporary | O59: New York | P59: USA | Q59: 1.6 | R59: Freelance
... D67: PR55285 | E67: Anna | F67: Perez | G67: Female | H67: Training | I67: 108 | J67: 512 | K67: Above 100k | L67: 46176 | M67: 0.6 | N67: Temporary | O67: London | P67: UK | Q67: 9.43 | R67: Freelance
D68: PR39332 | E68: Helmut | F68: Clark | G68: Female | H68: Business Development | I68: 133 | J68: 980 | K68: Above 100k | L68: 46304 | M68: 1 | N68: Permanent | O68: Singapore | P68: 6.6 | Q68: Freelance | R68: 0
D69: PR57546 | E69: Devrat | F69: Thomas | G69: Female | H69: Training | I69: 178 | J69: 35 | K69: Above 100k | L69: 46373 | M69: 0.4 | N69: Contract | O69: Berlin | P69: Germany | Q69: 1.47 | R69: Contract
D70: PR40493 | E70: Jill | F70: Evans | G70: Female | H70: Data Analytics | I70: 165 | J70: 454 | K70: Above 100k | L70: 46270 | M70: 0.7 | N70: Permanent | O70: London | P70: UK | Q70: 4.49 | R70: Part time
D71: PR27384 | E71: Robert | F71: Veeravasarapu | G71: Male | H71: Accounting | I71: 175 | J71: 716 | K71: Above 100k | L71: 46379 | M71: 0.4 | N71: Contract | O71: Berlin | P71: Germany | Q71: 2.37 | R71: Freelance
D72: PR52722 | E72: Laura | F72: Brown | G72: Female | H72: Customer Service | I72: 170 | J72: 357 | K72: Above 100k | L72: 46258 | M72: 1 | N72: Contract | O72: Hyderabad | P72: India | Q72: 0.81 | R72: Full time
D73: PR71709 | E73: Monika | F73: Johnson | G73: Male | H73: Engineering | I73: 129 | J73: 655 | K73: Above 100k | L73: 46222 | M73: 0.6 | N73: Temporary | O73: Toronto | P73: Canada | Q73: 3.57 | R73: Part time
D74: PR15721 | E74: Devrat | F74: Jones | G74: Female | H74: IT | I74: 159 | J74: 394 | K74: Above 100k | L74: 46083 | M74: 0.4 | N74: Permanent | O74: Mumbai | P74: India | Q74: 0.63 | R74: Full time
D75: PR79291 | E75: Markus | F75: Jones | G75: Female | H75: Human Resources | I75: 144 | J75: 164 | K75: Above 100k | L75: 46387 | M75: 0.7 | N75: Contract | O75: Wellington | P75: New Zealand | Q75: 7.94 | R75: Freelance
D76: PR96102 | E76: Siegfried | F76: Taylor | G76: Male | H76: Operations | I76: 171 | J76: 961 | K76: Above 100k | L76: 46375 | M76: 0.5 | N76: Permanent | O76: Tokyo | P76: Japan | Q76: 3.44 | R76: Freelance
D77: PR57148 | E77: Horst | F77: Brown | G77: Female | H77: Training | I77: 154 | J77: 770 | K77: Above 100k | L77: 46223 | M77: 0.5 | N77: Temporary | O77: Wellington | P77: New Zealand | Q77: 9.72 | R77: Part time
D78: PR52184 | E78: Lothar | F78: Moore | G78: Female | H78: Sales | I78: 123 | J78: 398 | K78: Above 100k | L78: 46341 | M78: 0.6 | N78: Temporary | O78: Dubai | P78: UAE | Q78: 7.06 | R78: Contract
D79: PR34112 | E79: Markus | F79: Martinez | G79: Male | H79: Research and Development | I79: 118 | J79: 325 | K79: Above 100k | L79: 46031 | M79: 0.6 | N79: Temporary | O79: Toronto | P79: Canada | Q79: 4.37 | R79: Part time
D80: PR78504 | E80: Siegfried | F80: Shipsey | G80: Male | H80: Finance | I80: 138 | J80: 238 | K80: Above 100k | L80: 46171 | M80: 0.4 | N80: Contract | O80: Sydney | P80: Australia | Q80: 2.93 | R80: Contract
... D82: PR74683 | E82: Elfriede | F82: Ricardot | G82: Male | H82: Engineering | I82: 107 | J82: 887 | K82: Above 100k | L82: 46172 | M82: 0.9 | N82: Permanent | O82: Mumbai | P82: India | Q82: 5.94 | R82: Contract
D83: PR27285 | E83: Michael | F83: Phillips | G83: Female | H83: Legal | I83: 157 | J83: 538 | K83: Above 100k | L83: 46088 | M83: 0.7 | N83: Temporary | O83: Singapore | P83: 5.37 | Q83: Contract | R83: 0
D84: PR43803 | E84: Julia | F84: Taylor | G84: Female | H84: Accounting | I84: 113 | J84: 947 | K84: Above 100k | L84: 46168 | M84: 0.6 | N84: Contract | O84: Paris | P84: France | Q84: 0.57 | R84: Contract
D85: PR43717 | E85: Lothar | F85: Taylor | G85: Male | H85: Human Resources | I85: 168 | J85: 110 | K85: Above 100k | L85: 46222 | M85: 0.9 | N85: Temporary | O85: Berlin | P85: Germany | Q85: 0.75 | R85: Full time
D86: PR38157 | E86: Helmut | F86: Hall | G86: Male | H86: Product Management | I86: 122 | J86: 907 | K86: Above 100k | L86: 46165 | M86: 0.5 | N86: Permanent | O86: Toronto | P86: Canada | Q86: 2.76 | R86: Full time
D87: PR95290 | E87: Beryl | F87: Taylor | G87: Female | H87: Human Resources | I87: 158 | J87: 138 | K87: Above 100k | L87: 46350 | M87: 0.9 | N87: Permanent | O87: London | P87: UK | Q87: 9.7 | R87: Full time
D88: PR89873 | E88: Nicole | F88: Young | G88: Female | H88: Operations | I88: 118 | J88: 89 | K88: Above 100k | L88: 46353 | M88: 0.8 | N88: Contract | O88: Hyderabad | P88: India | Q88: 2.19 | R88: Freelance
D89: PR36806 | E89: Julia | F89: Brown | G89: Male | H89: Research and Development | I89: 133 | J89: 408 | K89: Above 100k | L89: 46163 | M89: 0.5 | N89: Contract | O89: Wellington | P89: New Zealand | Q89: 5.51 | R89: Full time
D90: PR91163 | E90: Renate | F90: Thomas | G90: Female | H90: Training | I90: 112 | J90: 631 | K90: Above 100k | L90: 46082 | M90: 1 | N90: Contract | O90: Singapore | P90: 9.41 | Q90: Full time | R90: 0
D91: PR42912 | E91: Gerhard | F91: Veeravasarapu | G91: Male | H91: Sales | I91: 175 | J91: 43 | K91: Above 100k | L91: 46268 | M91: 0.7 | N91: Permanent | O91: Tokyo | P91: Japan | Q91: 2.23 | R91: Part time
D92: PR41114 | E92: Beryl | F92: Garcia | G92: Female | H92: Business Development | I92: 159 | J92: 413 | K92: Above 100k | L92: 46149 | M92: 0.8 | N92: Temporary | O92: Tokyo | P92: Japan | Q92: 3.5 | R92: Full time
D93: PR93997 | E93: Waltraud | F93: Collier | G93: Female | H93: Customer Service | I93: 117 | J93: 258 | K93: Above 100k | L93: 46178 | M93: 0.5 | N93: Permanent | O93: Dubai | P93: UAE | Q93: 3.92 | R93: Freelance
D94: PR57427 | E94: Ursula | F94: Carter | G94: Female | H94: Business Development | I94: 144 | J94: 419 | K94: Above 100k | L94: 46235 | M94: 0.9 | N94: Contract | O94: Columbus | P94: USA | Q94: 6.34 | R94: Full time
D95: PR26397 | E95: Rosemarie | F95: Damarsingh | G95: Female | H95: IT | I95: 114 | J95: 354 | K95: Above 100k | L95: 46110 | M95: 0.4 | N95: Permanent | O95: Chicago | P95: USA | Q95: 2.05 | R95: Part time
D96: PR30859 | E96: Sarah | F96: Phillips | G96: Female | H96: Product Management | I96: 140 | J96: 826 | K96: Above 100k | L96: 46289 | M96: 0.4 | N96: Temporary | O96: Berlin | P96: Germany | Q96: 5.37 | R96: Contract
D97: PR10185 | E97: Torrance | F97: Anderson | G97: Female | H97: Data Analytics | I97: 146 | J97: 693 | K97: Above 100k | L97: 46178 | M97: 1 | N97: Temporary | O97: Tokyo | P97: Japan | Q97: 1.78 | R97: Full time
D98: PR40888 | E98: Gerhard | F98: Shipsey | G98: Male | H98: Sales | I98: 163 | J98: 969 | K98: Above 100k | L98: 46184 | M98: 0.7 | N98: Permanent | O98: New York | P98: USA | Q98: 6.19 | R98: Freelance
D99: PR45447 | E99: Andreas | F99: Walker | G99: Female | H99: Engineering | I99: 136 | J99: 505 | K99: Above 100k | L99: 46322 | M99: 0.5 | N99: Permanent | O99: Dubai | P99: UAE | Q99: 7.14 | R99: Part time
D100: PR36193 | E100: Hannelore | F100: Thomas | G100: Male | H100: Research and Development | I100: 135 | J100: 22 | K100: Above 100k | L100: 46027 | M100: 1 | N100: Temporary | O100: Berlin | P100: Germany | Q100: 7.4 | R100: Freelance
D101: PR29636 | E101: Emma | F101: Taylor | G101: Male | H101: Legal | I101: 146 | J101: 110 | K101: Above 100k | L101: 46193 | M101: 0.8 | N101: Contract | O101: Dubai | P101: UAE | Q101: 5.51 | R101: Part time
D102: PR73573 | E102: Konrad | F102: Martinez | G102: Female | H102: Training | I102: 165 | J102: 943 | K102: Above 100k | L102: 46033 | M102: 0.8 | N102: Temporary | O102: Remote | P102: 6.11 | Q102: Part time | R102: 0
D103: PR83743 | E103: Waltraud | F103: Green | G103: Female | H103: Customer Service | I103: 177 | J103: 826 | K103: Above 100k | L103: 46339 | M103: 0.5 | N103: Contract | O103: Mumbai | P103: India | Q103: 3.78 | R103: Contract
D104: PR10787 | E104: Christina | F104: Phillips | G104: Male | H104: Research and Development | I104: 176 | J104: 124 | K104: Above 100k | L104: 46175 | M104: 0.7 | N104: Temporary | O104: Mumbai | P104: India | Q104: 8.58 | R104: Part time
D105: PR24187 | E105: Peter | F105: Martinez | G105: Male | H105: Operations | I105: 123 | J105: 606 | K105: Above 100k | L105: 46369 | M105: 0.3 | N105: Permanent | O105: Paris | P105: France | Q105: 5.7 | R105: Freelance
D106: PR37608 | E106: Klaus | F106: Turner | G106: Male | H106: Operations | I106: 155 | J106: 100 | K106: Above 100k | L106: 46311 | M106: 1 | N106: Permanent | O106: Mumbai | P106: India | Q106: 9.41 | R106: Contract
D107: PR51276 | E107: Horst | F107: Phillips | G107: Female | H107: IT | I107: 128 | J107: 414 | K107: Above 100k | L107: 46200 | M107: 0.5 | N107: Contract | O107: Columbus | P107: USA | Q107: 2.66 | R107: Full time
F114: 500
F115: 100
...

Sheet Max-min
C4: Lowest, Highest and Top 5 Salaries
D7: All EMPS | E7: Male | F7: Female
C8: Lowest Salarry | D8: =MIN(Sheet1!F2:F201) -> 28
C9: Highest Salary | D9: =MAX(Sheet1!F2:F201) -> 179
C10: Top 5 Salary | D10: =LARGE(Sheet1!F2:F201,H11) -> 172
D11: =LARGE(Sheet1!F3:F202,H12) -> 169 | H11: 15
D12: =LARGE(Sheet1!F4:F203,H13) -> 164 | H12: 20
D13: =LARGE(Sheet1!F5:F204,H14) -> 157 | H13: 25
D14: =LARGE(Sheet1!F6:F205,H15) -> 155 | H14: 30
H15: 35
A22: Robin

Sheet Unique-counta
E3: Department | G3: Total Department
E4: {=_xlfn.UNIQUE(Sheet1!E2:E201)} -> Engineering | G4: =COUNTA(_xlfn.ANCHORARRAY(E4)) -> 15
E5: Product Management
E6: Customer Service
E7: Finance
E8: IT
E9: Business Development
E10: Operations
E11: Marketing
E12: Data Analytics
E13: Accounting
E14: Sales
E15: Human Resources
E16: Legal
... E18: Research and Development
L23: Robin

Sheet Vlookup-Index-
A2: , | B2: Employee Lookup
B6: Employee | C6: PR19000
A9: 2 | B9: First name: | C9: =VLOOKUP($C$6,Sheet1!A2:O201,A9,FALSE) -> Ingrid | L9: Robin
A10: 3 | B10: Last name: | C10: =VLOOKUP($C$6,Sheet1!A3:O202,A10,FALSE) -> Davis
A11: 5 | B11: Department: | C11: =VLOOKUP($C$6,Sheet1!A4:O203,A11,FALSE) -> Accounting
A12: 6 | B12: Salary | C12: =VLOOKUP($C$6,Sheet1!A5:O204,A12,FALSE) -> 64
B20: Last name: | C20: Davis
C21: =MATCH('Vlookup-Index-'!C20,Sheet1!C2:C201,0) -> 13
B23: Employee ID | C23: =INDEX(Sheet1!A:A, MATCH(C20, Sheet1!C:C, 0)) -> PR19000 | E23: {=INDEX(Sheet1!A:A, C21)} -> PR47648
B24: Department: | C24: =INDEX(Sheet1!E:E, MATCH(C20, Sheet1!C:C, 0)) -> Accounting
B25: Salary: | C25: =INDEX(Sheet1!F:F, MATCH(C20, Sheet1!C:C, 0)) -> 64

Sheet Xlookup-Inferror
E3: Xlookup + caoonect with Clookup+ sheet1
E5: First Name | F5: =_xlfn.XLOOKUP('Vlookup-Index-'!C6,Sheet1!A:A,Sheet1!B:B) -> Ingrid
E6: Department | F6: =_xlfn.XLOOKUP('Vlookup-Index-'!C6,Sheet1!A:A,Sheet1!E:E) -> Accounting
E7: salary | F7: =_xlfn.XLOOKUP('Vlookup-Index-'!C6,Sheet1!A:A,Sheet1!F:F) -> 64
E8: EMP_ID | F8: =_xlfn.XLOOKUP('Vlookup-Index-'!C6,Sheet1!A:A,Sheet1!A:A) -> PR19000
E11: Entire Data
E13: =_xlfn.XLOOKUP(C9, Sheet1!B:B, Sheet1!E:E) -> 0
B18: Robin

Sheet Xlookup-Max
D3: salary max | E3: =MAX(Sheet1!F2:F201) -> 179
D4: One Person | E4: =_xlfn.XLOOKUP(MAX(Sheet1!F:F), Sheet1!F:F, Sheet1!B:B) & " " & _xlfn.XLOOKUP(MAX(Sheet1!F:F), Sheet1!F:F, Sheet1!C:C) -> Julia Fellgate
D9: All person | E9: {=_xlfn._xlws.FILTER(Sheet1!B:B &" "& Sheet1!C:C,Sheet1!F:F=MAX(Sheet1!F:F))} -> Julia Fellgate | F9: {=_xlfn.TEXTJOIN(",",,_xlfn._xlws.FILTER(Sheet1!B:B &" "& Sheet1!C:C,Sheet1!F:F=MAX(Sheet1!F:F)))} -> Julia Fellgate,Günter Campbell,Robert Brown
E10: Günter Campbell
E11: Robert Brown
B19: Robin

Sheet Filter+N
C3: Emp_ID | D3: First_Name | E3: Last_Name
C4: {=_xlfn._xlws.FILTER(Sheet1!A2:O201,Sheet1!B2:B201="Anna")} -> PR96753 | D4: Anna | E4: Scott | F4: Male | G4: Product Management | H4: 34 | I4: 792 | J4: Under 50k | K4: 46250 | L4: 0.7 | M4: Contract | N4: Chicago | O4: USA | P4: 2.15 | Q4: Full time
C5: PR55285 | D5: Anna | E5: Perez | F5: Female | G5: Training | H5: 108 | I5: 512 | J5: Above 100k | K5: 46176 | L5: 0.6 | M5: Temporary | N5: London | O5: UK | P5: 9.43 | Q5: Freelance
C6: PR30716 | D6: Anna | E6: Garcia | F6: Female | G6: Sales | H6: 115 | I6: 877 | J6: Above 100k | K6: 46053 | L6: 0.5 | M6: Permanent | N6: Berlin | O6: Germany | P6: 2.34 | Q6: Freelance
C7: PR71574 | D7: Anna | E7: Perez | F7: Male | G7: Accounting | H7: 98 | I7: 995 | J7: 50k to 100k | K7: 46146 | L7: 0.4 | M7: Temporary | N7: Tokyo | O7: Japan | P7: 7.33 | Q7: Contract
A15: Robin

Sheet Headcount+Salary+All Average
A2: Robin
E5: Total EMP | F5: Salary Avg. | G5: Salary Bucket
D6: ALL Department | E6: =COUNTA(Sheet1!A2:A201) -> 200 | F6: =AVERAGE(Sheet1!F2:F201) -> 103.835 | G6: =MAX(Sheet1!G2:G201) -> 996
D8: Department | E8: Headcount | F8: Avg. salary | G8: %diff form over all Average | H8: Highest-salary | I8: Median Salary
D9: {=_xlfn.UNIQUE(Sheet1!E2:E201)} -> Engineering | E9: {=COUNTIFS(Sheet1!E2:E201,_xlfn.ANCHORARRAY('Headcount+Salary+All Average'!D9))} -> 15 | F9: {=AVERAGEIFS(Sheet1!F2:F201,Sheet1!E2:E201,_xlfn.ANCHORARRAY('Headcount+Salary+All Average'!D9))} -> 99.333333 | G9: =F9-F6 -> -4.5016667 | H9: {=_xlfn.MAXIFS(Sheet1!F2:F201,Sheet1!E2:E201,_xlfn.ANCHORARRAY('Headcount+Salary+All Average'!D9))} -> 177 | I9: =MEDIAN(Sheet1!F2:F201) -> 106
D10: Product Management | E10: 11 | F10: 109.63636 | G10: =F10-F7 -> 109.63636 | H10: 154 | I10: =MEDIAN(Sheet1!F3:F202) -> 107
D11: Customer Service | E11: 15 | F11: 107.26667 | G11: =F11-F8 -> #VALUE! | H11: 177 | I11: =MEDIAN(Sheet1!F4:F203) -> 107
D12: Finance | E12: 13 | F12: 89.692308 | G12: =F12-F9 -> -9.6410256 | H12: 170 | I12: =MEDIAN(Sheet1!F5:F204) -> 107
D13: IT | E13: 11 | F13: 111.18182 | G13: =F13-F10 -> 1.5454545 | H13: 159 | I13: =MEDIAN(Sheet1!F6:F205) -> 107.5
D14: Business Development | E14: 10 | F14: 110.6 | G14: =F14-F11 -> 3.3333333 | H14: 179 | I14: =MEDIAN(Sheet1!F7:F206) -> 107
D15: Operations | E15: 13 | F15: 98.076923 | G15: =F15-F12 -> 8.3846154 | H15: 171 | I15: =MEDIAN(Sheet1!F8:F207) -> 107
D16: Marketing | E16: 14 | F16: 99 | G16: =F16-F13 -> -12.181818 | H16: 172 | I16: =MEDIAN(Sheet1!F9:F208) -> 107
D17: Data Analytics | E17: 14 | F17: 106 | G17: =F17-F14 -> -4.6 | H17: 165 | I17: =MEDIAN(Sheet1!F10:F209) -> 107.5
D18: Accounting | E18: 19 | F18: 88.631579 | G18: =F18-F15 -> -9.4453441 | H18: 175 | I18: =MEDIAN(Sheet1!F11:F210) -> 108
D19: Sales | E19: 17 | F19: 104.64706 | G19: =F19-F16 -> 5.6470588 | H19: 179 | I19: =MEDIAN(Sheet1!F12:F211) -> 109.5
D20: Human Resources | E20: 11 | F20: 118.81818 | G20: =F20-F17 -> 12.818182 | H20: 168 | I20: =MEDIAN(Sheet1!F13:F212) -> 108
D21: Legal | E21: 10 | F21: 107.3 | G21: =F21-F18 -> 18.668421 | H21: 176 | I21: =MEDIAN(Sheet1!F14:F213) -> 107.5
... D23: Research and Development | E23: 15 | F23: 101.33333 | G23: =F23-F20 -> -17.484848 | H23: 176 | I23: =MEDIAN(Sheet1!F16:F215) -> 109.5
